,o1,o2,>,<,typical
0,bagel,plate,96,412,<
1,tail,mouth,163,32,>
2,pizza,sleeve,168,50,>
3,coffee,key,132,10,>
4,umbrella,belt,572,14,>
5,feather,animal,33,138,<
6,glass,eyebrow,297,7,>
7,cake,finger,436,35,>
8,pants,hat,86,26,>
9,beard,board,29,81,<
10,spot,stack,21,121,<
11,cow,ceiling,127,18,>
12,ring,couple,10,152,<
13,catcher,cap,435,48,>
14,ice,plate,28,156,<
15,brick,bus,395,1138,<
16,note,key,101,30,>
17,rock,jet,13,113,<
18,teddy,ear,664,132,>
19,cap,jar,35,117,<
20,book,rack,25,87,<
21,cockpit,tree,10,144,<
22,rail,sign,745,246,>
23,ribbon,blanket,9,124,<
24,lettering,bat,6,96,<
25,shoe,slope,4,99,<
26,leaf,cable,31,139,<
27,sticker,snow,53,229,<
28,kite,cone,188,52,>
29,pillow,lampshade,689,236,>
30,cat,trash,509,93,>
31,tower,weather vane,93,13,>
32,mat,toilet,64,210,<
33,portion,bread,42,98,<
34,face,bracelet,111,15,>
35,bedspread,phone,106,0,>
36,horse,horseback,261,691,<
37,rock,pool,34,110,<
38,cap,plate,63,278,<
39,chain,weed,28,122,<
40,toilet,shower,197,607,<
41,rope,forest,30,83,<
42,hat,event,5,133,<
43,hoodie,wheel,297,27,>
44,stack,microwave,21,121,<
45,broccoli,plate,2327,5746,<
46,rope,animal,52,226,<
47,light,jet,51,387,<
48,glove,pack,37,96,<
49,kitten,button,518,3,>
50,plate,logo,557,59,>
51,tail,calf,10,145,<
52,door,keyboard,208,60,>
53,whisker,bear,7,127,<
54,horse,shield,159,4,>
55,hand,tomato,190,55,>
56,key,baby,0,188,<
57,pile,giraffe,341,879,<
58,hat,crowd,179,1386,<
59,baby,bow,306,21,>
60,sofa,bottle,179,5,>
61,bicycle,vest,184,32,>
62,ear,crowd,9,153,<
63,portion,horse,76,234,<
64,mouse,lamp,27,516,<
65,crowd,frisbee,152,64,>
66,dog,cloth,483,166,>
67,glass,pie,37,194,<
68,arrow,wire,60,281,<
69,couch,boot,114,7,>
70,soccer,ball,1043,95,>
71,statue,cross,143,42,>
72,jean,smile,98,13,>
73,horse,jockey,2091,856,>
74,hand,tablet,24,81,<
75,bell,number,127,41,>
76,microphone,screen,21,137,<
77,tower,stone,278,115,>
78,table,salt,561,74,>
79,pillow,head board,164,900,<
80,counter,cap,90,18,>
81,number,handle,73,341,<
82,cord,surf board,30,187,<
83,donut,flower,188,66,>
84,holder,dog,38,181,<
85,kitten,rug,97,33,>
86,window,siding,109,511,<
87,leg,toy,64,255,<
88,tree,bolt,838,22,>
89,selfie,light,103,6,>
90,pant,sticker,213,10,>
91,step,cap,151,14,>
92,vent,curtain,3,199,<
93,table,sign,1691,491,>
94,light,day,9,396,<
95,fruit,portion,95,14,>
96,zebra eating,leaf,98,2,>
97,pizza,scarf,271,89,>
98,counter,eye,113,10,>
99,dog,statue,90,292,<
100,guy,balloon,87,16,>
101,handle,stripe,115,280,<
102,plate,suit,32,209,<
103,eye,drawer,7,118,<
104,shirt,room,36,108,<
105,train,patch,685,136,>
106,sugar,potato,219,32,>
107,keyboard,phone,909,227,>
108,bottom,bed,30,492,<
109,door,sock,153,33,>
110,board,bike,56,135,<
111,cat,cup,1130,150,>
112,cap,bolt,88,19,>
113,ripple,ear,262,85,>
114,button,suit,56,1290,<
115,shirt,judge,30,72,<
116,tool,table,32,81,<
117,collar,tooth,103,25,>
118,umbrella,lip,107,0,>
119,fruit,bicycle,24,96,<
120,keyboard,ear,109,14,>
121,toaster,window,27,230,<
122,label,bus,5,101,<
123,mirror,soap,745,21,>
124,door,kettle,158,9,>
125,leg,board,124,470,<
126,skin,tree,91,406,<
127,veggie,onion,138,45,>
128,leg,catcher,84,415,<
129,sofa,ear,168,13,>
130,jean,letter,1220,79,>
131,fabric,spot,116,6,>
132,bag,surf board,11,93,<
133,shirt,wrist band,2408,112,>
134,kite,hand,1487,351,>
135,stem,sandwich,5,151,<
136,dog,hook,114,2,>
137,racket,banner,46,116,<
138,toe,toilet,4,108,<
139,counter,coffee maker,114,14,>
140,board,umbrella,138,332,<
141,bench,streetlight,80,23,>
142,eye,luggage,3,101,<
143,button,fabric,11,135,<
144,door,note,110,8,>
145,leg,boot,257,82,>
146,fruit,produce,53,189,<
147,bunch,foot,80,33,>
148,seat,railing,31,79,<
149,herd,leg,169,1,>
150,pot,rose,99,21,>
151,wire,microwave,23,111,<
152,greenery,bird,104,43,>
153,uniform,cap,576,23,>
154,whiteboard,keyboard,96,15,>
155,key,shirt,41,1127,<
156,bed,finger,101,4,>
157,pillar,tower,45,206,<
158,suit,pillow,145,18,>
159,wood,box,454,174,>
160,pant,toilet,70,208,<
161,building,marker,112,23,>
162,mechanism,toilet,6,142,<
163,jacket,sheep,194,717,<
164,base,vase,183,1319,<
165,hill,ski,989,273,>
166,coat,window,2051,757,>
167,t-shirt,spectator,46,133,<
168,mouth,toy,5,142,<
169,letter,truck,176,3049,<
170,glass,number,575,129,>
171,drawer,wood,135,375,<
172,cow,dress,256,48,>
173,beach,glass,171,23,>
174,umbrella,vase,251,58,>
175,tap,cat,20,232,<
176,wave,tattoo,190,15,>
177,butter,bowl,17,209,<
178,tree,chain,1692,481,>
179,train,diamond,136,2,>
180,book,mirror,185,666,<
181,sign,church,69,337,<
182,soccer,orange,143,3,>
183,dog,yard,80,205,<
184,donut,wrinkle,103,1,>
185,van,door,492,126,>
186,pile,stripe,234,78,>
187,bicycle,cat,438,111,>
188,helmet,fence,274,2679,<
189,bird,crown,112,11,>
190,rock,zebra,2468,10144,<
191,sign,lawn,67,198,<
192,lift,skier,101,31,>
193,frame,rug,65,208,<
194,gate,hand,129,21,>
195,hand,pan,66,173,<
196,stack,building,95,235,<
197,light,pink,34,141,<
198,base,cat,160,416,<
199,sign,belt,193,62,>
200,stool,blind,18,88,<
201,beach,cord,137,36,>
202,cake,nut,227,6,>
203,hood,bench,11,157,<
204,train,number,11410,222,>
205,apron,bag,233,57,>
206,shirt,letter,8665,714,>
207,infield,catcher,107,6,>
208,pitcher,leaf,149,16,>
209,door,jar,214,26,>
210,comforter,foot,107,11,>
211,rust,sink,13,89,<
212,bed,bottle,563,9,>
213,lamp,ear,164,15,>
214,cake,cake frosting,341,119,>
215,tree,arm rest,121,15,>
216,spot,wood,66,646,<
217,cat,fixture,150,18,>
218,tail,pile,11,114,<
219,handle,tire,53,282,<
220,mountain,ripple,395,124,>
221,letter,boat,80,2867,<
222,outfit,stripe,149,21,>
223,shoe,train,31,983,<
224,sweater,plant,353,80,>
225,surf board,leg,306,40,>
226,handle,mirror,62,1571,<
227,tie,bracelet,297,33,>
228,tv,decoration,107,23,>
229,roof,cone,102,28,>
230,bowl,toilet,81,656,<
231,jacket,boat,287,1146,<
232,handle,orange,167,702,<
233,cat,faucet,951,137,>
234,wire,ear,448,77,>
235,costume,wave,11,236,<
236,toaster,plate,147,13,>
237,handle,poster,19,123,<
238,veggie,pepper,94,21,>
239,sticker,bowl,45,377,<
240,baby,toy,679,135,>
241,flower,grape,92,36,>
242,button,orange,55,342,<
243,jar,handle,219,74,>
244,exhaust,bike,18,152,<
245,couple,pair,532,92,>
246,screen,plant,131,40,>
247,pitcher,cabinet,11,190,<
248,pillow,bracelet,183,8,>
249,sandwich,watch,128,7,>
250,handle,trunk,5,171,<
251,carpet,ball,96,17,>
252,jet,missile,175,11,>
253,hook,tile,26,110,<
254,banana,nail,156,4,>
255,glass,crowd,23,367,<
256,screen,computer,183,563,<
257,slope,jacket,910,116,>
258,barrel,tree,45,395,<
259,building,pedestrian,528,135,>
260,runway,door,176,7,>
261,car,frisbee,508,1212,<
262,basket,fridge,4,145,<
263,leaf,wire,153,678,<
264,helmet,athlete,2,185,<
265,vegetable,cucumber,463,98,>
266,jet,tail,1274,140,>
267,bench,photograph,10,165,<
268,person,car,100,301,<
269,hat,advertisement,73,363,<
270,flag,ramp,12,135,<
271,necklace,horse,14,232,<
272,truck,star,92,20,>
273,bracelet,wine,15,105,<
274,walkway,pant,224,42,>
275,squash,bunch,24,122,<
276,foot,body,9,144,<
277,truck,barrel,253,35,>
278,couple,mouth,96,5,>
279,fence,box,288,89,>
280,graffiti,arm,168,50,>
281,tip,head,20,152,<
282,building,boardwalk,23,77,<
283,baby,fur,87,27,>
284,building,archway,461,149,>
285,eye,clothe,7,134,<
286,lamb,cow,100,17,>
287,toilet,garbage,533,72,>
288,backpack,beach,16,202,<
289,wire,dog,167,621,<
290,train,snow,1370,549,>
291,pen,camera,18,94,<
292,ball,ear,300,77,>
293,flag,gravel,25,122,<
294,bird,couple,102,420,<
295,microwave,object,103,21,>
296,board,name,106,9,>
297,snow,flag,1757,647,>
298,bacon,shirt,30,127,<
299,blender,cat,2,109,<
300,hump,elephant,5,251,<
301,path,train,91,222,<
302,arrow,keyboard,1,252,<
303,bus,curb,695,175,>
304,snow storm,snow,33,85,<
305,soap,door,6,97,<
306,couch,shelf,526,69,>
307,pile,shoe,323,72,>
308,neck,suit,2,135,<
309,wire,light,1876,396,>
310,day,building,1041,120,>
311,lettering,tie,43,110,<
312,purse,dress,103,705,<
313,rope,dog,260,1124,<
314,eye,bus,10,99,<
315,van,bus,701,2319,<
316,handle,steel,26,201,<
317,collar,ear,687,285,>
318,plane,spot,241,37,>
319,surf board,day,5,160,<
320,sign,wagon,21,118,<
321,box,sandwich,71,208,<
322,mountain,van,245,55,>
323,roof,barn,26,178,<
324,cow nose,animal,17,186,<
325,seat,armrest,112,32,>
326,balcony,train,29,225,<
327,beach,hoodie,89,16,>
328,crowd,logo,290,9,>
329,necklace,letter,126,38,>
330,shirt,finger nail,302,6,>
331,cable,leaf,139,31,>
332,outlet,towel,33,660,<
333,glass,bike,179,745,<
334,shade,ear,128,8,>
335,bus,chain,135,18,>
336,pillow,linen,21,88,<
337,spoon,ware,118,50,>
338,ball,cow,7,165,<
339,bird,needle,91,27,>
340,wave,band,361,5,>
341,bunch,tail,156,11,>
342,t-shirt,sandal,143,46,>
343,star,orange,64,184,<
344,book,eye,655,82,>
345,zebra,tale,124,11,>
346,clock,way,57,139,<
347,shower,rug,81,23,>
348,table,outlet,558,8,>
349,tree,rein,93,16,>
350,bread,onion,478,93,>
351,stain,tree,14,135,<
352,microwave,sign,184,39,>
353,apple,box,407,1000,<
354,car,hat,2258,734,>
355,baby,collar,138,22,>
356,tie,flag,187,504,<
357,controller,strap,83,18,>
358,hat,toy,99,237,<
359,fan,glove,144,15,>
360,stripe,day time,1,117,<
361,basket,bottom,116,48,>
362,dress,person,155,36,>
363,foot,toy,37,184,<
364,fur,goat,33,233,<
365,label,door,9,181,<
366,seed,plate,79,577,<
367,wheel,case,28,87,<
368,dog,day time,2,129,<
369,mountain,leaf,1443,107,>
370,bush,tile,84,36,>
371,shirt,coffee maker,140,8,>
372,leaf,day time,1,422,<
373,door,field,11,166,<
374,vase,handle,1411,165,>
375,potato,dog,28,208,<
376,tv,flower,420,140,>
377,ball,frisbee,55,186,<
378,coke,shirt,4,113,<
379,pasture,cow,1106,368,>
380,couch,pillow,7797,591,>
381,truck,day time,11,91,<
382,curtain,banana,398,106,>
383,backpack,letter,495,51,>
384,light,lampshade,84,32,>
385,cat,beak,120,8,>
386,leg,sneaker,363,96,>
387,vase,stripe,289,70,>
388,cup,head,87,269,<
389,shirt,sauce,466,73,>
390,waist,shirt,21,79,<
391,door,hinge,608,12,>
392,sandwich,jar,276,53,>
393,wii,book,163,31,>
394,watch,box,37,163,<
395,sandal,camera,21,86,<
396,ear,calf,26,491,<
397,wood,garbage,73,29,>
398,button,charger,13,131,<
399,mug,lamp,11,95,<
400,chain,elephant,170,1818,<
401,pool,flower,134,6,>
402,bed,blind,803,138,>
403,basket,shelf,89,249,<
404,ear,tshirt,2,107,<
405,case,latch,105,11,>
406,coaster,bowl,9,95,<
407,shirt,chocolate,215,76,>
408,beak,crane,5,111,<
409,sign,scooter,127,885,<
410,purse,van,57,139,<
411,dog,bucket,422,54,>
412,cap,step,14,151,<
413,arrow,plane,25,265,<
414,lane,car,362,120,>
415,backpack,truck,60,355,<
416,tshirt,tennis,2,116,<
417,bed,glass,775,76,>
418,bear,lip,138,21,>
419,head,bush,180,804,<
420,light,policeman,12,189,<
421,curtain,phone,706,117,>
422,orange,statue,50,154,<
423,pant,outfit,91,346,<
424,ski resort,snow,360,45,>
425,carrot,root,71,30,>
426,neck,horse,10,200,<
427,stair,window,1495,495,>
428,turkey,bowl,102,9,>
429,book,outlet,142,12,>
430,tent,bottle,98,8,>
431,plaque,tree,27,268,<
432,mound,zebra,34,127,<
433,frisbee,court,24,180,<
434,building,ear,982,51,>
435,sheep,face,1275,157,>
436,drawer,bed,56,850,<
437,camera,mouth,309,17,>
438,vegetable,surface,97,41,>
439,decoration,tv,23,107,<
440,elephant,logo,146,5,>
441,banner,horse,77,523,<
442,name,fence,42,107,<
443,door,trailer,7,114,<
444,eye,banana,44,1150,<
445,dog,boulder,124,40,>
446,stove,lamp,95,23,>
447,leaf,panel,43,186,<
448,apartment,window,159,16,>
449,table,piano,47,113,<
450,forest,bush,291,99,>
451,day,hill,234,27,>
452,bun,mustard,301,101,>
453,hole,sign,93,1168,<
454,window,field,52,715,<
455,desk,printer,370,48,>
456,soup,utensil,91,12,>
457,toilet,drawer,335,96,>
458,umbrella,strap,1172,36,>
459,knife,olive,222,38,>
460,building,puddle,133,43,>
461,umbrella,child,84,35,>
462,keyboard,whisker,90,14,>
463,umpire,arm,235,11,>
464,microphone,stage,22,97,<
465,post,plane,59,345,<
466,panel,leaf,186,43,>
467,tile,pillar,37,151,<
468,apple,fence,22,100,<
469,valley,sheep,190,40,>
470,face,ceiling,27,78,<
471,fire extinguisher,door,11,127,<
472,cat nose,cat,134,13035,<
473,batter,cap,399,35,>
474,watch,jean,63,732,<
475,chain,wood,17,168,<
476,lace,pant,3,181,<
477,label,wood,29,116,<
478,sign,event,19,91,<
479,tail,brush,0,100,<
480,leaf,crane,14,108,<
481,snow,person,1069,197,>
482,car,indicator,170,23,>
483,chin,tie,44,320,<
484,beach,swim suit,98,18,>
485,dog,foot,1178,291,>
486,jean,band,261,7,>
487,bed,trim,136,23,>
488,mirror,hanger,164,9,>
489,bike,trash,292,32,>
490,finger,dress,19,216,<
491,jacket,sandal,183,23,>
492,arm,bat,62,336,<
493,plane,number,2436,85,>
494,orange,bread,80,200,<
495,collar,pant,18,239,<
496,bed,seat,106,18,>
497,leaf,squirrel,55,194,<
498,pencil,keyboard,13,147,<
499,plant,drape,18,117,<
500,shrub,stripe,127,37,>
501,screen,bed,16,177,<
502,kite,stone,245,74,>
503,cup,key,786,90,>
504,car,tyre,83,28,>
505,sauce,shirt,73,466,<
506,zebra,foot,812,82,>
507,camera,sink,53,186,<
508,band,cap,17,89,<
509,frisbee,day,26,238,<
510,lettering,bus,120,1252,<
511,puppy,eye,509,24,>
512,hole,chocolate,13,100,<
513,tusk,bush,20,302,<
514,pair,mouth,628,66,>
515,girl,banana,36,101,<
516,number,jean,48,388,<
517,light,head board,8,134,<
518,cap,skateboarding,4,101,<
519,sleeve,bat,41,144,<
520,key,phone,118,792,<
521,monitor,sticker,129,6,>
522,frisbee,paw,130,9,>
523,cloth,dog,166,483,<
524,onion,spoon,110,330,<
525,giraffe,skin,234,54,>
526,foot,skirt,54,142,<
527,hat,barrier,17,184,<
528,bag,dress,240,1009,<
529,fin,surfer,2,315,<
530,mirror,dish,123,12,>
531,tie,skin,100,29,>
532,poster,blind,19,95,<
533,deer,leg,116,26,>
534,tree,feather,599,110,>
535,mitt,pot,20,83,<
536,screw,pair,4,352,<
537,brick,jacket,433,1029,<
538,bed,number,177,5,>
539,pole,bulb,97,15,>
540,tv,glass,657,262,>
541,spoon,button,138,18,>
542,sheet,telephone,137,6,>
543,sheep,head,1730,228,>
544,basket,number,141,13,>
545,pant,necklace,315,51,>
546,mountain,bird,1061,301,>
547,fur,bear,1960,7214,<
548,claw,branch,15,112,<
549,number,crosswalk,9,98,<
550,skateboarding,pant,313,16,>
551,cone,propeller,14,108,<
552,hill,tower,206,61,>
553,ripple,bridge,68,524,<
554,pipe,toilet,302,2879,<
555,bus,seat,718,192,>
556,pant,handle,580,94,>
557,horse,ear,9467,215,>
558,crosswalk,banner,107,7,>
559,roof,bear,29,84,<
560,stem,umbrella,8,108,<
561,bed,sofa,169,47,>
562,net,boat,96,245,<
563,cushion,button,224,6,>
564,crane,light,166,50,>
565,bike,clothe,101,37,>
566,pizza,leaf,1960,126,>
567,lamp,button,406,33,>
568,table,light,5210,1252,>
569,eye,fish,1,170,<
570,pizza,brick,378,143,>
571,counter,cord,122,24,>
572,design,tennis,0,154,<
573,cheese,rack,26,112,<
574,lemon,pizza,3,145,<
575,leg,zebra grazing,8,104,<
576,cab,sign,378,65,>
577,bike,hat,1611,202,>
578,cloth,mirror,62,238,<
579,skater,leaf,306,30,>
580,cake,cream,497,83,>
581,shirt,dispenser,98,15,>
582,bed,drawer,850,56,>
583,bike,dress,290,90,>
584,leaf,ceiling,16,95,<
585,toilet,doorknob,235,2,>
586,blind,toaster,104,10,>
587,surfer,day,26,472,<
588,tree,bottle,554,121,>
589,fabric,flower,260,82,>
590,bench,watch,511,31,>
591,nail polish,hand,9,145,<
592,cover,leaf,184,77,>
593,zebra,skin,363,35,>
594,dress,finger,216,19,>
595,glass,blouse,79,299,<
596,donut,spot,258,10,>
597,fridge,vent,90,10,>
598,turf,sock,110,14,>
599,chef,knife,221,42,>
600,sink,glass,853,233,>
601,apple,bottom,562,104,>
602,impala,zebra,10,90,<
603,giraffe,ladder,148,28,>
604,dog,sock,625,62,>
605,tower,hand,718,40,>
606,skin,sheep,1,99,<
607,towel,hook,101,7,>
608,ornament,teddy,35,135,<
609,slope,ski,800,177,>
610,woman,glove,104,31,>
611,number,bull,8,130,<
612,animal,keyboard,25,113,<
613,shelf,wheel,125,30,>
614,beam,bridge,23,203,<
615,boulder,spot,229,34,>
616,zebra,marking,152,34,>
617,surfer,costume,127,14,>
618,bus,shoe,966,84,>
619,bracelet,shoe,64,199,<
620,clock,stain,128,36,>
621,cone,guy,32,393,<
622,board,leaf,593,211,>
623,dress,flag,416,161,>
624,cellphone,screen,337,88,>
625,bowl,biscuit,87,30,>
626,donut,candle,92,34,>
627,panda,arm,77,26,>
628,watch,ball,20,92,<
629,design,mountain,11,122,<
630,door,shop,29,89,<
631,handle,pepper,30,78,<
632,hat,blanket,227,566,<
633,tree,curb,1153,489,>
634,t-shirt,window,678,239,>
635,seat,carriage,9,98,<
636,tree,heap,119,13,>
637,flag,soldier,17,119,<
638,lamp,house,16,167,<
639,ball,racket,501,1365,<
640,arm rest,dog,46,120,<
641,sign,dock,26,84,<
642,gold,building,110,278,<
643,box,microwave,84,408,<
644,design,board,81,312,<
645,couch,bowl,552,22,>
646,plane,paint,571,81,>
647,spice,meat,12,90,<
648,window,ski,53,467,<
649,tire,trailer,26,336,<
650,trunk,handle,171,5,>
651,beak,animal,3,108,<
652,track,goggle,448,45,>
653,glass,boat,151,455,<
654,desk,folder,100,23,>
655,windmill,pole,180,1,>
656,coat,cone,94,28,>
657,salt,dish,22,92,<
658,light,worker,36,100,<
659,button,desk,43,794,<
660,head,pant,275,1663,<
661,counter,paper,192,80,>
662,carrot,tree,37,111,<
663,suit,leg,531,44,>
664,kite,landscape,49,119,<
665,chest,dog,140,594,<
666,train,board,554,66,>
667,tree,cup,541,122,>
668,handle,refrigerator,35,1668,<
669,grape,container,29,228,<
670,beach,snow,118,43,>
671,sweater,tie,442,119,>
672,ear,sheep,249,9738,<
673,kitchen,light,1125,86,>
674,tower,hat,82,21,>
675,train,day time,2,143,<
676,post,bunch,39,129,<
677,table,meal,177,540,<
678,cone,letter,239,67,>
679,shoe,ramp,71,807,<
680,bottom,mirror,58,350,<
681,outfit,boat,31,96,<
682,board,surfer,894,2187,<
683,tea pot,stove,16,156,<
684,fruit,tree,294,730,<
685,pastry,car,81,25,>
686,tile,backpack,94,239,<
687,curtain,poster,288,37,>
688,helmet,surface,14,238,<
689,number,bear,17,326,<
690,house,ball,208,60,>
691,trash can,tree,42,375,<
692,sink,bar,189,78,>
693,towel,doorknob,113,9,>
694,plant,helmet,240,49,>
695,train,backpack,1073,111,>
696,tip,branch,3,134,<
697,sign,worker,54,136,<
698,lid,scissors,33,89,<
699,note,computer,13,142,<
700,bunch,head,521,183,>
701,building,belt,188,16,>
702,spot,beach,16,147,<
703,elephant,camera,752,137,>
704,face,bat,13,153,<
705,stem,sign,10,95,<
706,shirt,level,18,128,<
707,banner,truck,47,284,<
708,bagel,blueberry,128,2,>
709,bowl,packet,146,21,>
710,mirror,chrome,96,33,>
711,animal,yak,154,51,>
712,curtain,bus,54,303,<
713,collar,rock,39,96,<
714,mug,cake,44,198,<
715,curtain,mug,87,15,>
716,car,cycle,33,98,<
717,letter,table cloth,15,138,<
718,number,patch,49,188,<
719,bowl,juice,202,68,>
720,tie,jacket,558,2497,<
721,monitor,button,1118,22,>
722,sweater,snow,196,502,<
723,paper,cap,175,69,>
724,container,broccoli,405,150,>
725,hand,olive,111,28,>
726,device,shirt,140,363,<
727,couple,box,89,22,>
728,pillar,surfer,20,99,<
729,elephant,chain,1818,170,>
730,wave,stomach,108,6,>
731,t-shirt,net,61,159,<
732,animal,ribbon,345,33,>
733,ceiling,chandelier,162,51,>
734,candle,flame,321,40,>
735,kid,sign,531,154,>
736,dirt,train,203,637,<
737,outlet,blind,12,258,<
738,finger,camera,44,236,<
739,clothing,tree,166,454,<
740,jacket,cord,281,80,>
741,park,letter,196,12,>
742,roll,dog,31,186,<
743,onion,napkin,85,264,<
744,vegetable,light,128,48,>
745,zipper,umbrella,5,164,<
746,sign,skateboarding,10,168,<
747,base,keyboard,52,162,<
748,label,knife,30,104,<
749,pot,carrot,572,145,>
750,bicycle,bird,94,26,>
751,goat,leg,632,25,>
752,shoe,weed,21,84,<
753,sign,screen,92,309,<
754,skirt,sneaker,139,58,>
755,helmet,string,8,98,<
756,onion,bowl,233,866,<
757,symbol,wave,4,206,<
758,branch,forest,47,239,<
759,towel,microwave,173,541,<
760,paint,cow,25,121,<
761,vest,brick,125,46,>
762,banana,beard,220,52,>
763,snow board,glove,625,76,>
764,tube,letter,117,13,>
765,dog,lamp,916,190,>
766,racket,towel,80,28,>
767,shoe,hose,23,111,<
768,tree,cow grazing,405,83,>
769,jacket,spectator,83,333,<
770,star,table,41,198,<
771,bar,leaf,170,62,>
772,display,pair,102,43,>
773,skier,letter,534,16,>
774,dirt,glass,116,43,>
775,photograph,umbrella,173,21,>
776,whisker,window,32,236,<
777,plate,tub,81,26,>
778,snowsuit,goggle,104,9,>
779,arrow,truck,71,546,<
780,sleeve,flower,81,31,>
781,spot,knife,29,316,<
782,bag,path,25,119,<
783,pipe,handle,281,78,>
784,chicken,hen,164,62,>
785,trim,horse,43,189,<
786,cigarette,umbrella,10,186,<
787,kite,sock,311,13,>
788,pant,uniform,131,667,<
789,mug,cat,104,348,<
790,barrel,hat,163,39,>
791,blanket,cord,286,36,>
792,pillow,object,435,76,>
793,comforter,blind,139,27,>
794,shirt,potato,148,53,>
795,scarf,train,4,205,<
796,pole,surf board,29,104,<
797,shirt,pepper,220,23,>
798,head,something,39,109,<
799,t-shirt,towel,122,22,>
800,cockpit,jet,12,615,<
801,label,umbrella,50,137,<
802,tie,bed,10,107,<
803,pair,dot,127,12,>
804,horse,hoodie,252,70,>
805,batter,netting,11,119,<
806,tarp,building,64,202,<
807,beer,box,145,43,>
808,scissors,bolt,186,10,>
809,bar,letter,332,57,>
810,bolt,bush,2,115,<
811,fork,desert,26,107,<
812,cat,cat eating,125,40,>
813,elephant,tire,719,105,>
814,card,cake,85,202,<
815,goat,pair,110,46,>
816,platter,cup,116,15,>
817,plate,raspberry,218,31,>
818,plate,apron,124,310,<
819,light,couple,119,536,<
820,stripe,fruit,29,90,<
821,letter,dress,23,849,<
822,ad,building,24,92,<
823,bubble,bear,156,529,<
824,bowl,button,528,74,>
825,banana,bin,96,300,<
826,broccoli,dish,222,784,<
827,tree,foundation,71,29,>
828,bench,net,43,125,<
829,jean,star,90,20,>
830,pant,eye,892,56,>
831,bottom,tower,44,145,<
832,weather,pole,145,14,>
833,ski,ski resort,6,112,<
834,bag,bridge,14,105,<
835,cap,animal,37,186,<
836,bowl,mouth,127,20,>
837,blind,poster,95,19,>
838,post,park,10,96,<
839,cap,horse,150,2114,<
840,trash,cow,51,311,<
841,sign,rug,39,141,<
842,mattress,carpet,129,53,>
843,dog,ornament,124,10,>
844,wheel,eye,145,22,>
845,mask,umpire,27,461,<
846,banner,bus,77,880,<
847,t-shirt,cow,22,119,<
848,fence,cow nose,126,10,>
849,scissors,nail,101,13,>
850,camera,handle,130,31,>
851,table,flag,377,70,>
852,visor,shirt,228,1329,<
853,bench,mulch,163,67,>
854,symbol,shoe,19,90,<
855,outlet,curtain,1,480,<
856,stack,rack,21,94,<
857,basket,rug,37,239,<
858,pile,donut,322,97,>
859,t-shirt,bunch,38,119,<
860,television,curtain,332,1081,<
861,umbrella,star,162,15,>
862,car,bus,3235,16043,<
863,bridge,mirror,98,11,>
864,crowd,hat,1386,179,>
865,helmet,guy,235,1831,<
866,mustard,sandwich,11,322,<
867,light,carriage,17,112,<
868,horse,tattoo,174,5,>
869,window,pot,1008,362,>
870,grille,bus,3,99,<
871,plant,carpet,97,404,<
872,liquid,window,18,98,<
873,place mat,fork,313,50,>
874,arm,wave,287,3657,<
875,gate,bike,45,119,<
876,saddle,helmet,277,69,>
877,piano,table,113,47,>
878,bus,trash can,230,18,>
879,pelican,duck,163,9,>
880,couch,cup,580,28,>
881,refrigerator,pant,103,33,>
882,carriage,brick,118,50,>
883,bed,phone,1223,82,>
884,book,figurine,144,46,>
885,glass,finger,477,148,>
886,desk,control,105,13,>
887,window,air plane,27,151,<
888,bowl,skin,141,10,>
889,tower,cow,26,141,<
890,drawer,button,149,11,>
891,dirt,foot,268,72,>
892,skier,ski stick,229,92,>
893,counter,handle,573,83,>
894,board,pool,45,107,<
895,wii,kid,42,113,<
896,coat,bucket,85,25,>
897,bottle,vest,18,136,<
898,dress,eye glass,100,6,>
899,gazelle,giraffe,94,565,<
900,dish,stem,129,11,>
901,bottle,dress,27,333,<
902,pigeon,beak,201,2,>
903,candle,pant,27,139,<
904,crack,letter,180,28,>
905,lid,rug,25,91,<
906,wii,sock,92,13,>
907,outlet,cat,0,641,<
908,plant,dresser,18,86,<
909,mountain,number,532,24,>
910,hill,leg,390,25,>
911,spoon,berry,106,17,>
912,clock,bed,9,588,<
913,park,wheel,139,8,>
914,bear,whisker,127,7,>
915,car,rubber,114,14,>
916,speaker,rug,31,240,<
917,baby,eyebrow,149,4,>
918,statue,vehicle,107,40,>
919,eye,calf,2,118,<
920,marble,towel,112,31,>
921,bag,hotdog,32,78,<
922,mouse,curtain,9,322,<
923,border,broccoli,111,40,>
924,clock,crown,125,16,>
925,tail,bull,20,271,<
926,track,backpack,306,76,>
927,bicycle,basket,863,59,>
928,visor,fence,17,194,<
929,arm,cup,220,73,>
930,sign,day,71,925,<
931,step,ear,116,6,>
932,number,flower,130,555,<
933,helmet,mouth,177,26,>
934,cabinet,faucet,1141,57,>
935,building,day time,7,403,<
936,nostril,mane,1,135,<
937,monitor,base,96,4,>
938,lamp,quilt,24,275,<
939,tie,mannequin,38,151,<
940,cow,sign,1465,252,>
941,saucer,dish,31,95,<
942,tap,toilet,7,380,<
943,rail,letter,254,36,>
944,pot,spot,121,16,>
945,balloon,cake,139,520,<
946,hand,truck,134,453,<
947,rock,container,40,95,<
948,book,title,130,7,>
949,napkin,bottom,151,32,>
950,post,paint,161,61,>
951,carrot,rabbit,25,125,<
952,ear,counter,5,102,<
953,mountain,shrub,273,57,>
954,tshirt,guy,52,133,<
955,number,boat,99,1457,<
956,clock,dog,28,341,<
957,baby,basket,120,32,>
958,keyboard,iphone,77,29,>
959,pair,photograph,30,114,<
960,pile,pizza,97,372,<
961,hill,flower,346,64,>
962,plant,walkway,33,137,<
963,ice,pole,107,42,>
964,slide,stone,98,17,>
965,backpack,trash,126,33,>
966,plant,mug,111,47,>
967,spot,hydrant,11,109,<
968,mug,desk,58,214,<
969,ceiling,microwave,85,21,>
970,train,column,537,110,>
971,container,desk,23,161,<
972,table,balloon,246,41,>
973,tomato,bottle,67,164,<
974,window,stripe,1204,2832,<
975,glass,event,5,126,<
976,meal,flower,115,1,>
977,pole,crane,55,196,<
978,truck,step,267,63,>
979,tire,smoke,14,97,<
980,handle bar,tire,23,151,<
981,bowl,carrot,2156,524,>
982,clothing,bike,25,79,<
983,mouth,towel,11,96,<
984,plate,lid,456,70,>
985,pebble,bear,14,87,<
986,tail,ripple,33,114,<
987,panel,microwave,29,83,<
988,design,carpet,67,173,<
989,giraffe,silhouette,99,25,>
990,handle,fridge,51,978,<
991,crane,train,63,272,<
992,shelf,decoration,81,24,>
993,window,bolt,236,13,>
994,lettering,letter,1713,303,>
995,dog,rock,2697,892,>
996,pipe,bicycle,30,86,<
997,handle,fabric,56,174,<
998,light,couch,173,1806,<
999,bottom,pizza,122,576,<
1000,shoe,coat,175,1627,<
1001,paw,claw,167,50,>
1002,pillow,blanket,1839,6397,<
1003,window,frisbee,187,549,<
1004,cone,board,14,107,<
1005,fence,skin,127,12,>
1006,statue,eye,423,13,>
1007,window,rose,286,57,>
1008,sock,bottom,53,132,<
1009,meal,container,199,12,>
1010,gazelle,horn,207,6,>
1011,foot,jean,166,644,<
1012,lip,collar,10,102,<
1013,boot,jockey,19,192,<
1014,sticker,post,52,135,<
1015,lettering,box,33,252,<
1016,tv,screen,476,200,>
1017,wheel,outfit,17,95,<
1018,giraffe,dog,118,18,>
1019,jacket,necktie,200,54,>
1020,face,cat,281,975,<
1021,pair,soccer,4,406,<
1022,key,plant,19,184,<
1023,bear,opening,155,23,>
1024,leaf,duck,172,625,<
1025,crowd,number,408,32,>
1026,cap,kite,199,786,<
1027,watch,vest,5,163,<
1028,stand,button,132,24,>
1029,microwave,button,1507,46,>
1030,salad,bottle,104,25,>
1031,bear,fern,134,45,>
1032,surf board,string,91,16,>
1033,store,shoe,162,7,>
1034,horse grazing,field,15,91,<
1035,shirt,winnie,32,99,<
1036,towel,sponge,177,4,>
1037,weather,kite,179,13,>
1038,camera,belt,147,31,>
1039,spoon,tree,19,100,<
1040,fence,bottom,588,122,>
1041,lock,luggage,15,230,<
1042,sandwich,napkin,1635,301,>
1043,bike,leg,311,67,>
1044,bag,head,637,264,>
1045,refrigerator,stack,169,10,>
1046,chest,ear,108,34,>
1047,belt,bench,13,279,<
1048,shirt,clip,295,67,>
1049,tape,bag,31,91,<
1050,handle,pot,110,940,<
1051,shirt,dial,128,9,>
1052,hand,doll,50,224,<
1053,giraffe,trash,98,5,>
1054,dish,mushroom,165,18,>
1055,label,bottle,188,1338,<
1056,dome,boat,14,109,<
1057,wing,eagle,36,119,<
1058,frisbee,strap,118,14,>
1059,wire,design,101,43,>
1060,button,pan,12,133,<
1061,cat,bell,741,7,>
1062,reflector,bicycle,2,387,<
1063,umbrella,cushion,104,37,>
1064,light,outfit,38,153,<
1065,light,symbol,180,61,>
1066,comforter,design,127,9,>
1067,day,bird,594,20,>
1068,sign,shelter,27,114,<
1069,camera,toilet,31,102,<
1070,pole,park,52,250,<
1071,window,mouse,549,63,>
1072,shirt,coffee,144,49,>
1073,hat,dirt,232,1239,<
1074,book,jean,159,469,<
1075,bear,peanut,102,14,>
1076,sock,advertisement,29,111,<
1077,elephant,boat,273,91,>
1078,veggie,bowl,79,337,<
1079,bunch,leg,153,33,>
1080,paint,graffiti,124,392,<
1081,onion,box,86,246,<
1082,curtain,logo,161,5,>
1083,car,belt,200,35,>
1084,roll,cat,32,163,<
1085,wheel,deck,8,99,<
1086,menu,hat,95,31,>
1087,backpack,train,111,1073,<
1088,carrot,pan,75,294,<
1089,fork,plant,37,117,<
1090,strap,fence,32,158,<
1091,fence,button,172,10,>
1092,backpack,handle,353,22,>
1093,glass,skirt,83,299,<
1094,toaster,knife,90,10,>
1095,crouton,salad,12,190,<
1096,tree,letter,10959,722,>
1097,cliff,tree,263,65,>
1098,window,rider,27,85,<
1099,donut,bottom,293,50,>
1100,ring,blouse,2,98,<
1101,cat,scarf,233,23,>
1102,leaf,zebra eating,2,98,<
1103,couch,fruit,88,34,>
1104,helmet,skate board,132,706,<
1105,ski,letter,696,19,>
1106,plastic,umbrella,30,131,<
1107,mouse,toy,17,98,<
1108,backpack,path,11,171,<
1109,decoration,donut,29,154,<
1110,type,pepper,106,6,>
1111,bag,produce,37,113,<
1112,ear,jacket,73,1563,<
1113,mouse,drawer,8,244,<
1114,bag,dot,226,21,>
1115,pillow,curtain,1178,6138,<
1116,olive,bread,17,143,<
1117,bracelet,knife,26,145,<
1118,shirt,pail,115,16,>
1119,horn,giraffe,214,8639,<
1120,noodle,plate,384,1168,<
1121,table,bucket,422,85,>
1122,knife,bunch,32,120,<
1123,thumb,knife,29,80,<
1124,bag,stand,72,190,<
1125,lawn,window,1710,90,>
1126,button,pot,21,138,<
1127,bar,glass,511,139,>
1128,wrap,shirt,44,143,<
1129,snow,heap,181,32,>
1130,fence,bin,126,29,>
1131,key,glass,85,539,<
1132,paw,cat,377,4549,<
1133,ear,pug,2,109,<
1134,plate,fork,15293,3591,>
1135,skate board,brick,77,23,>
1136,wood,button,384,47,>
1137,pile,pair,354,124,>
1138,sink,soap,855,36,>
1139,wood,arm,260,94,>
1140,body,stone,88,12,>
1141,skier,day,11,435,<
1142,bike,day,20,199,<
1143,shirt,loafer,90,18,>
1144,control,paper,33,98,<
1145,toilet,knob,1233,4,>
1146,pile,pole,276,90,>
1147,fork,watch,101,26,>
1148,tie,groom,13,138,<
1149,eyebrow,dog,4,280,<
1150,bottle,sofa,5,179,<
1151,bench,orange,502,178,>
1152,sticker,truck,23,396,<
1153,mouth,hat,81,778,<
1154,cow,garbage,86,15,>
1155,tree,slat,336,90,>
1156,tip,dirt,10,116,<
1157,shoe,bunch,15,210,<
1158,day time,train,143,2,>
1159,seat,hole,108,10,>
1160,pedal,petal,92,34,>
1161,banana,wrinkle,107,11,>
1162,triangle,car,57,164,<
1163,plate,train,61,159,<
1164,strap,bed,6,107,<
1165,bolt,base,9,132,<
1166,bridge,day,18,87,<
1167,rectangle,train,4,137,<
1168,hook,boat,0,103,<
1169,meal,bowl,465,63,>
1170,driveway,shutter,105,1,>
1171,bag,bush,133,328,<
1172,branch,tree,2309,7374,<
1173,pepper,dog,53,702,<
1174,onion,variety,1,104,<
1175,table,book,3485,1093,>
1176,vent,fridge,10,90,<
1177,leaf,tub,13,121,<
1178,desk,eye,123,2,>
1179,door,toddler,29,73,<
1180,ski,arm,332,69,>
1181,design,cat,370,1383,<
1182,lampshade,rug,9,163,<
1183,sweater,person,115,37,>
1184,wrist,dog,4,137,<
1185,tail,elephant,175,3105,<
1186,kitten,paw,191,9,>
1187,vase,microwave,19,94,<
1188,beard,bottle,133,27,>
1189,fan,sink,41,101,<
1190,table,case,265,99,>
1191,lamp,stair,16,111,<
1192,fence,ball,1550,353,>
1193,hat,day,22,552,<
1194,arm,dress,138,381,<
1195,plane,glass,305,84,>
1196,pair,pocket,264,63,>
1197,ear,harness,14,191,<
1198,ear,statue,8,336,<
1199,dog,glass,2375,654,>
1200,letter,awning,55,558,<
1201,label,apple,68,237,<
1202,person,t-shirt,29,114,<
1203,meadow,zebra,104,26,>
1204,arm,train,40,453,<
1205,counter,bag,256,100,>
1206,fabric,ear,166,32,>
1207,eye,trunk,14,420,<
1208,dresser,clock,101,1,>
1209,cat,camera,470,79,>
1210,wrench,tool,12,109,<
1211,box,tv,98,578,<
1212,sugar,bread,12,113,<
1213,mouth,vase,9,258,<
1214,magnet,table,23,106,<
1215,window,station,55,188,<
1216,umbrella,emblem,116,5,>
1217,shoe,bus,84,966,<
1218,button,beach,4,112,<
1219,spectator,sock,412,58,>
1220,curtain,handle,782,37,>
1221,window,style,31,117,<
1222,hat,cow,230,1413,<
1223,cat,stomach,275,72,>
1224,car,cross walk,60,168,<
1225,outlet,window,41,1082,<
1226,jean,number,388,48,>
1227,building,chain,601,136,>
1228,towel,spoon,121,36,>
1229,skate boarder,shoe,148,12,>
1230,tent,plane,31,132,<
1231,shrub,truck,47,269,<
1232,gate,shoe,189,13,>
1233,string,surfer,34,193,<
1234,restaurant,door,90,10,>
1235,logo,fence,24,563,<
1236,field,horn,455,18,>
1237,doorknob,tile,3,109,<
1238,day,pair,361,8,>
1239,label,head,16,94,<
1240,car,ear,932,90,>
1241,tomato,tip,77,24,>
1242,marker,paper,7,145,<
1243,skateboarding,foot,110,4,>
1244,elephant,wood,729,230,>
1245,board,screw,141,1,>
1246,switch,window,18,709,<
1247,sneaker,wheel,485,141,>
1248,box,bench,74,323,<
1249,vase,display,45,163,<
1250,elephant,bag,568,45,>
1251,cow,poster,98,22,>
1252,umbrella,tile,664,198,>
1253,arrow,balcony,15,89,<
1254,tail,frisbee,62,148,<
1255,table,control,590,188,>
1256,giraffe,shirt,2810,728,>
1257,fork,hotdog,35,161,<
1258,toddler,pant,270,78,>
1259,couple,sweater,192,39,>
1260,fence,letter,1719,102,>
1261,magazine,cushion,17,104,<
1262,border,number,241,24,>
1263,wave,clothe,88,32,>
1264,tarp,letter,271,6,>
1265,step,banner,37,127,<
1266,kid,jersey,197,51,>
1267,bird,leaf,8751,3041,>
1268,rock,park,9,101,<
1269,jar,book,27,91,<
1270,tire,handle bar,151,23,>
1271,cleat,batter,23,248,<
1272,eye,parrot,36,312,<
1273,body,letter,471,21,>
1274,pair,sheet,55,154,<
1275,fork,bit,119,19,>
1276,eye,leg,54,1958,<
1277,number,lamp,32,168,<
1278,tan,herd,5,96,<
1279,brick,symbol,92,22,>
1280,candle,base,29,80,<
1281,something,beach,28,76,<
1282,symbol,fence,6,108,<
1283,donut,logo,443,42,>
1284,spoon,camera,22,78,<
1285,plate,cracker,243,70,>
1286,sandwich,salad,864,321,>
1287,keyboard,window,211,715,<
1288,uniform,hat,1314,91,>
1289,spectacle,glass,59,199,<
1290,cake,fork,2673,1071,>
1291,sausage,tomato,159,64,>
1292,vest,skier,59,401,<
1293,fork,window,86,223,<
1294,rose,table,174,427,<
1295,jean,bus,119,1045,<
1296,kite,strap,151,58,>
1297,table cloth,spot,101,8,>
1298,statue,leg,254,32,>
1299,fish,seagull,11,94,<
1300,flower,truck,149,454,<
1301,surfer,dog,252,74,>
1302,tv,stand,190,81,>
1303,mammal,elephant,74,28,>
1304,bus,dirt,227,85,>
1305,blind,ear,200,13,>
1306,roof,hand,378,62,>
1307,leg,sheet,53,138,<
1308,arm,foam,31,196,<
1309,tip,skier,1,353,<
1310,cabinet,dish,369,75,>
1311,table,backpack,335,115,>
1312,dot,building,11,120,<
1313,t-shirt,luggage,31,133,<
1314,bridge,glass,84,36,>
1315,leaf,wood,397,1647,<
1316,zebra grazing,eye,303,4,>
1317,clock,fan,21,110,<
1318,cat,woman,83,30,>
1319,cord,cabinet,33,322,<
1320,apple,pan,27,196,<
1321,foot,leg,300,896,<
1322,cap,t-shirt,147,664,<
1323,number,cloth,8,132,<
1324,plane,gold,96,40,>
1325,flight,window,106,17,>
1326,vest,hill,14,111,<
1327,spectator,hand,324,91,>
1328,carrot,dog,16,166,<
1329,umbrella,hood,420,98,>
1330,track,forest,37,119,<
1331,post,ski,29,143,<
1332,photograph,train,110,35,>
1333,target,plane,3,119,<
1334,ear,giraffe nose,117,35,>
1335,berry,vase,30,101,<
1336,leaf,locomotive,7,126,<
1337,person,pair,186,461,<
1338,wheel,mouse,39,149,<
1339,snow boarder,goggle,167,9,>
1340,desk,comforter,18,82,<
1341,ring,container,23,84,<
1342,tree,paddle,180,77,>
1343,cake,blueberry,95,5,>
1344,mirror,couch,171,972,<
1345,light,cement,53,190,<
1346,pillow,tattoo,102,8,>
1347,bracelet,pant,33,599,<
1348,sandwich,leaf,549,28,>
1349,vegetation,branch,111,38,>
1350,spot,curtain,15,205,<
1351,vase,door,292,719,<
1352,poster,rug,57,166,<
1353,panel,light,445,163,>
1354,pair,refrigerator,23,143,<
1355,light,tennis,25,179,<
1356,watch,stack,18,86,<
1357,sign,cake,101,424,<
1358,tree,nostril,316,0,>
1359,window,weather,14,206,<
1360,letter,keyboard,77,982,<
1361,donut,case,29,99,<
1362,stripe,lettering,197,81,>
1363,balcony,house,44,257,<
1364,cord,keyboard,337,1297,<
1365,display,handle,89,22,>
1366,rain,hand,121,12,>
1367,pile,number,170,22,>
1368,shrub,giraffe,332,1061,<
1369,telephone,cup,100,20,>
1370,smoke,wheel,256,39,>
1371,tree,sofa,51,125,<
1372,strap,curtain,15,135,<
1373,cat,baby,101,248,<
1374,box,bike,81,301,<
1375,fork,light,392,129,>
1376,blanket,ring,141,10,>
1377,knife,logo,141,22,>
1378,bag,book,1129,435,>
1379,mouth,bird,61,259,<
1380,boot,clothe,10,93,<
1381,hotdog,bracelet,117,2,>
1382,banana,strap,121,28,>
1383,design,mouth,99,14,>
1384,racket,logo,751,74,>
1385,bottle,button,540,146,>
1386,crown,clock,16,125,<
1387,hat,bleacher,20,267,<
1388,wheel,snow,74,346,<
1389,couch,dresser,113,47,>
1390,shoe,shoe lace,465,29,>
1391,lunch,bowl,150,1,>
1392,label,bag,37,363,<
1393,hat,bead,105,19,>
1394,sofa,ottoman,192,24,>
1395,ripple,letter,101,11,>
1396,bench,fixture,120,25,>
1397,counter,straw,109,7,>
1398,bird,landscape,7,180,<
1399,plate,portion,1061,311,>
1400,leg,statue,32,254,<
1401,object,surfer,21,100,<
1402,bird,park,20,109,<
1403,day,truck,260,35,>
1404,tire,tank,37,197,<
1405,pot,letter,275,34,>
1406,leg,glove,472,137,>
1407,map,bus,28,88,<
1408,cement,train,84,299,<
1409,jacket,cup,950,117,>
1410,tennis,number,303,0,>
1411,skier,flag,1125,325,>
1412,box,kite,4,101,<
1413,giraffe,penguin,111,5,>
1414,cabinet,design,187,54,>
1415,guy,t-shirt,1022,364,>
1416,lamb,eye,666,5,>
1417,condiment,plate,77,236,<
1418,fork,place mat,50,313,<
1419,tv,plant,667,221,>
1420,trim,building,128,490,<
1421,flower,bike,121,685,<
1422,bag,statue,83,201,<
1423,blade,knife,77,388,<
1424,monitor,paper,803,139,>
1425,table,barrel,101,23,>
1426,building,minivan,242,97,>
1427,light,telephone,172,58,>
1428,jet,airplane nose,189,10,>
1429,helmet,dirt,333,1694,<
1430,sheet,towel,190,48,>
1431,bucket,skirt,20,87,<
1432,podium,microphone,191,40,>
1433,cow,milk,223,35,>
1434,mane,ear,1033,122,>
1435,cabbage,bunch,26,92,<
1436,cabinet,pattern,126,21,>
1437,whisker,kitty,10,101,<
1438,whisker,key,73,28,>
1439,person,track,16,124,<
1440,eye,hat,83,1785,<
1441,column,truck,37,90,<
1442,box,rug,118,342,<
1443,plate,finger nail,122,0,>
1444,bottle,ring,222,47,>
1445,tire,ladder,60,227,<
1446,head,goat,24,177,<
1447,counter,fixture,105,32,>
1448,suv,shoe,78,22,>
1449,apple,almond,98,5,>
1450,dresser,tv,211,56,>
1451,hand,desk,105,318,<
1452,leg,pitcher,100,346,<
1453,tail,surfer,11,97,<
1454,railing,helmet,315,30,>
1455,guy,ball,467,137,>
1456,horse,bottom,587,161,>
1457,building,face,675,127,>
1458,dog,magazine,306,51,>
1459,bumper,building,65,192,<
1460,leaf,couple,110,376,<
1461,bowl,scarf,24,95,<
1462,bed,bed spread,292,110,>
1463,apple,flower,414,171,>
1464,helmet,star,98,26,>
1465,boat,deck,344,135,>
1466,trash,jean,54,208,<
1467,eye,couch,10,454,<
1468,scarf,light,298,114,>
1469,train,animal,97,22,>
1470,skateboarding,hat,296,5,>
1471,rope,truck,46,153,<
1472,ball,field,238,1046,<
1473,tie,sofa,19,84,<
1474,hat,wrinkle,96,22,>
1475,crane,van,82,24,>
1476,barrette,shirt,16,117,<
1477,kite,pair,1339,197,>
1478,cellphone,flower,104,37,>
1479,cone,jacket,81,281,<
1480,tv,sofa,165,951,<
1481,pair,luggage,59,290,<
1482,shirt,bristle,157,0,>
1483,blanket,dog nose,330,5,>
1484,van,mirror,521,88,>
1485,shoe lace,cat,46,257,<
1486,cabinet,coffee maker,449,37,>
1487,broccoli,light,139,47,>
1488,dish,rice,371,97,>
1489,tan,hand,281,88,>
1490,glass,bar,139,511,<
1491,train,eye,124,0,>
1492,letter,batter,22,511,<
1493,drawer,speaker,120,35,>
1494,leg,railing,28,91,<
1495,dog,pipe,99,32,>
1496,zebra,stripe,26479,3351,>
1497,frisbee,star,115,4,>
1498,wheel,field,25,293,<
1499,ladder,pillow,208,61,>
1500,ring,toilet,7,159,<
1501,hole,pair,48,378,<
1502,frisbee,glass,747,251,>
1503,cup,tub,23,89,<
1504,boat,hut,86,25,>
1505,tile,stain,101,33,>
1506,wine,letter,233,10,>
1507,wood,key,271,19,>
1508,bowl,control,103,22,>
1509,motorcyclist,glove,113,2,>
1510,porch,house,52,356,<
1511,cone,snow,24,298,<
1512,ear,tent,11,90,<
1513,jean,fabric,81,24,>
1514,banana,glove,337,86,>
1515,outlet,tv,6,222,<
1516,eye,kid,35,841,<
1517,zebra,stone,1172,257,>
1518,grill,truck,57,601,<
1519,suit,crowd,56,149,<
1520,sticker,jean,15,251,<
1521,photograph,bag,107,29,>
1522,jelly,donut,93,288,<
1523,cow nose,cow,167,5304,<
1524,handle,backpack,22,353,<
1525,cup,finger,137,41,>
1526,tower,horse,61,166,<
1527,paper,mouth,121,41,>
1528,skier,hill,518,1736,<
1529,bar,banana,153,54,>
1530,elephant,dress,652,115,>
1531,ear,tusk,1023,93,>
1532,wood,paw,101,13,>
1533,tree,drum,95,17,>
1534,bear,path,42,120,<
1535,pizza,eye glass,128,22,>
1536,couple,ear,405,18,>
1537,number,barrier,5,123,<
1538,bush,hoof,142,12,>
1539,steeple,clock,799,150,>
1540,stack,backpack,32,95,<
1541,seat,balcony,20,108,<
1542,corn,plate,136,599,<
1543,carpet,mattress,53,129,<
1544,bunch,ear,483,49,>
1545,button,sandwich,20,160,<
1546,rose,pink,89,35,>
1547,hole,bus,0,144,<
1548,tooth brush,bristle,193,9,>
1549,pile,bag,766,293,>
1550,paint,train,110,1285,<
1551,cabinet,handle,2386,109,>
1552,hotdog,tip,141,0,>
1553,pool,frisbee,116,8,>
1554,giraffe,sport,122,3,>
1555,pattern,pile,26,80,<
1556,chain,tree,481,1692,<
1557,bag,railing,68,249,<
1558,coat,zipper,158,9,>
1559,cabinet,letter,189,18,>
1560,bird,breast,828,161,>
1561,dot,glass,44,169,<
1562,orange,building,549,1386,<
1563,shelf,fridge,64,373,<
1564,table,cabbage,114,46,>
1565,shoe,camera,145,435,<
1566,store,coat,81,31,>
1567,vine,window,280,79,>
1568,lawn,fence,179,73,>
1569,blueberry,banana,36,207,<
1570,tire,vehicle,283,2035,<
1571,sign,herd,4,120,<
1572,glass,lunch,15,171,<
1573,frisbee,sock,1348,252,>
1574,bush,eye,780,27,>
1575,stand,helmet,278,44,>
1576,dog,strawberry,109,5,>
1577,computer,paper,762,191,>
1578,sheep,eye,4647,63,>
1579,plate,toilet,30,161,<
1580,towel,pant,83,230,<
1581,head rest,dog,21,102,<
1582,meal,shrimp,97,17,>
1583,toilet,telephone,142,8,>
1584,dock,hat,101,32,>
1585,bicycle,hat,1390,172,>
1586,vehicle,stop light,82,19,>
1587,sink,lamp,230,77,>
1588,cover,banana,43,149,<
1589,plate,container,1759,527,>
1590,tide,surfer,104,17,>
1591,carpet,book,698,281,>
1592,boat,level,138,39,>
1593,scissors,thread,166,30,>
1594,plant,sticker,229,42,>
1595,printer,monitor,33,182,<
1596,banana,stove,58,177,<
1597,sign,guy,401,1517,<
1598,bowl,chef,41,269,<
1599,kite,leg,443,114,>
1600,kid,bracelet,138,11,>
1601,stripe,vase,70,289,<
1602,church,flower,97,5,>
1603,monitor,glass,297,109,>
1604,cake,crumb,836,85,>
1605,slope,boot,106,11,>
1606,field,truck,376,98,>
1607,fruit,hand,206,88,>
1608,blanket,letter,311,10,>
1609,letter,beer,11,226,<
1610,umbrella,stem,108,8,>
1611,eye,squirrel,14,274,<
1612,couch,arm,310,95,>
1613,dozen,donut,158,18,>
1614,jacket,skier,1847,6266,<
1615,trunk,hand,98,38,>
1616,cycle,shirt,107,33,>
1617,eye,pony,2,177,<
1618,object,wood,70,282,<
1619,swing,shirt,150,29,>
1620,board,switch,132,0,>
1621,fence,lamp,116,21,>
1622,lid,banana,43,327,<
1623,sandwich,spot,369,7,>
1624,car,grill,626,92,>
1625,plant,container,277,90,>
1626,field,pole,924,139,>
1627,blind,glass,491,181,>
1628,camera,sock,103,44,>
1629,wrap,plate,44,144,<
1630,day,track,154,19,>
1631,sheep,object,197,16,>
1632,level,shirt,128,18,>
1633,pair,bead,115,13,>
1634,table,towel,670,238,>
1635,giraffe,bench,147,15,>
1636,selfie,tie,159,2,>
1637,slope,fence,80,30,>
1638,spot,field,13,720,<
1639,body,tire,199,27,>
1640,hat,paddle,45,225,<
1641,cow,buffalo,123,43,>
1642,leaf,puddle,25,76,<
1643,bulb,lamp,13,109,<
1644,pillow,kid,47,353,<
1645,hat,tree,1838,10998,<
1646,sculpture,sign,157,55,>
1647,handle,spatula,16,116,<
1648,surfer,silhouette,86,29,>
1649,spot,wave,42,316,<
1650,shoe,clothe,37,368,<
1651,rock,panda,36,168,<
1652,plane,coat,126,16,>
1653,guy,jacket,1833,610,>
1654,frame,design,137,48,>
1655,ramp,foot,130,49,>
1656,snack,banana,119,23,>
1657,chain,jean,56,132,<
1658,hat,collar,339,50,>
1659,antenna,truck,19,112,<
1660,toddler,glass,138,27,>
1661,bench,dog leash,159,13,>
1662,blind,bottle,273,15,>
1663,bottle,wood,131,653,<
1664,phone,curtain,117,706,<
1665,fridge,box,328,60,>
1666,ski,eye,139,0,>
1667,boot,bike,44,559,<
1668,scissors,label,122,12,>
1669,knife,crumb,283,53,>
1670,zipper,sign,21,83,<
1671,bike,elephant,42,364,<
1672,bride,bouquet,110,10,>
1673,bottle,bus,12,99,<
1674,comforter,curtain,458,169,>
1675,strap,wood,26,104,<
1676,pile,handle,368,50,>
1677,tooth brush,baby,43,188,<
1678,beak,ripple,29,226,<
1679,book,brick,236,101,>
1680,person,beach,30,284,<
1681,tire,wood,51,165,<
1682,plate,napkin,5394,2010,>
1683,mask,guy,21,154,<
1684,basket,lettuce,98,31,>
1685,watch,knife,16,204,<
1686,pair,computer,50,369,<
1687,ear,cake,22,558,<
1688,sandal,arm,34,81,<
1689,car,person,301,100,>
1690,dress,spot,189,37,>
1691,eye,frame,11,154,<
1692,table cloth,knife,490,199,>
1693,table,pole,614,207,>
1694,clock,sheet,29,92,<
1695,stain,cat,40,336,<
1696,station,window,188,55,>
1697,icicle,sign,36,150,<
1698,counter,object,127,24,>
1699,bird,knob,102,4,>
1700,audience,umpire,122,32,>
1701,blanket,string,73,29,>
1702,hat,vest,324,1021,<
1703,candle,ribbon,33,111,<
1704,tree,belly,267,16,>
1705,tree,tongue,221,64,>
1706,propeller,tire,127,18,>
1707,label,bunch,8,103,<
1708,smile,jean,13,98,<
1709,day,flag,319,9,>
1710,jersey,soccer,9,356,<
1711,car,lock,109,2,>
1712,fixture,shirt,178,636,<
1713,taxi,shirt,266,78,>
1714,bench,trash can,263,57,>
1715,coat,trash,130,47,>
1716,window,streetlight,128,630,<
1717,bench,plane,31,81,<
1718,mouth,plant,23,261,<
1719,object,couch,30,206,<
1720,spot,table cloth,8,101,<
1721,door,tire,896,309,>
1722,spot,beak,116,13,>
